Autism Level,N,Mean,SD,SE
1,134,0.6083003637778795,0.4651807919259158,0.04018549983317312
2,170,0.5452229509188328,0.47980158542747026,0.036799101761633035
