Submitted_by,N,Mean,SD,SE
P,88,0.6043273847241256,0.4607538089072422,0.04911652106130004
T,216,0.5602747247533073,0.47930631775058596,0.032612664138367636
